id,lsl_ts,unix_ts,status
24,90400.0735322,1671368719.771,1
24,90400.0735322,1671368719.771,1
