id,lsl_ts,unix_ts,status
14,90073.322313,1671368393.019,1
14,90073.322313,1671368393.019,1
