id,lsl_ts,unix_ts,status
385,14904.5674765,1671630133.701,1
385,14904.5674765,1671630133.701,1
