id,lsl_ts,unix_ts,status
6,89550.6990144,1671367870.396,1
6,89550.6990144,1671367870.396,1
