id,lsl_ts,unix_ts,status
153,12035.528397,1671627264.663,1
153,12035.528397,1671627264.663,1
