id,lsl_ts,unix_ts,status
12,8854.1191827,1671624083.253,1
12,8854.1191827,1671624083.253,1
