id,lsl_ts,unix_ts,status
22,9626.3907047,1671624855.524,1
22,9626.3907047,1671624855.524,1
