id,lsl_ts,unix_ts,status
274,13643.8618918,1671628872.996,1
274,13643.8618918,1671628872.996,1
