id,lsl_ts,unix_ts,status
4,8480.1815536,1671623709.315,1
4,8480.1815536,1671623709.315,1
