id,lsl_ts,unix_ts,status
129,11483.9126814,1671626713.046,1
129,11483.9126814,1671626713.046,1
