id,lsl_ts,unix_ts,status
34,9845.077034,1671625074.211,1
34,9845.077034,1671625074.211,1
