id,lsl_ts,unix_ts,status
66,10319.9815133,1671625549.116,1
66,10319.9815133,1671625549.116,1
