id,lsl_ts,unix_ts,status
179,12760.0120623,1671627989.146,1
179,12760.0120623,1671627989.146,1
