id,lsl_ts,unix_ts,status
425,15048.4141987,1671630277.548,1
425,15048.4141987,1671630277.548,1
