id,lsl_ts,unix_ts,status
84,10555.6917102,1671625784.825,1
84,10555.6917102,1671625784.825,1
