id,lsl_ts,unix_ts,status
347,14552.8256539,1671629781.959,1
347,14552.8256539,1671629781.959,1
